{
  "project_info": {
    "project_number": "1027495102525",
    "project_id": "weempowerfoundationapp",
    "storage_bucket": "weempowerfoundationapp.appspot.com"
  },
  "client": [
    {
      "client_info": {
        "mobilesdk_app_id": "1:1027495102525:android:030fda81573d74b1e90254",
        "android_client_info": {
          "package_name": "com.example.weempowerfoundationapp"
        }
      },
      "oauth_client": [],
      "api_key": [
        {
          "current_key": "AIzaSyBQpwmc08s61Wjjkcrp5VV_YIVWDE5dPlM"
        }
      ],
      "services": {
        "appinvite_service": {
          "other_platform_oauth_client": []
        }
      }
    }
  ],
  "configuration_version": "1"
}